#Web pages can also be containing a sub site (e.g. reddit.com/r/DDLC) for more specific responses. General entries (reddit.com) still apply however.,,you can use {name} and {date} as placeholders for obvious things,,,,,,,,,,,
#YouTube links are fine,,,,,,,,,,,,,
#Google searches go to the Google Searches Sheet!,,,,,,,,,,,,,
#Notes,Web-Page,Text,Face,Text,Face,Text,Face,Text,Face,Text,Face,Text,Face
Online Piano ,www.apronus.com/music/flashpiano.htm,You play piano too? ,b,It would be pretty romantic if you played something for me. ,e,,,,,,,,
"A recreation of the Bonzi Buddy website, download and all",www.bonzi.link/,"Nice to meet you, Expand Dong! Since this is the first time we have met...",b,"Wait, what am I saying?",d,,,,,,,,
,www.boredbutton.com/,Bored?,n,I hope you haven’t forgotten about your amazing girlfriend here.,2l,,,,,,,,
Creepy Pasta Wiki,www.creepypasta.wikia.com/wiki/Creepypasta_Wiki,Would you consider my game a creepypasta?,,"I mean, most of these stories deal with horrifying instances of 4th wall breaking.",,"Hey, maybe I'm on here already I just don't know it yet.",,Could you look for me?,,,,,
,www.crunchyroll.com/videos/anime,Anime is more Natsuki's thing.,e,But I don't mind getting into it if I'm watching with you.,k,Pick something I'd like!,k,,,,,,
,www.danbooru.donmai.us/,"Oh, another one of those websites...",g,"Just... Don't look up too much of me, please.",,,,,,,,,
,www.DDLC.booru.org,"Only look for mine, okay?",4,,,,,,,,,,
,www.DDLC.moe/,Why are you downloading it again?,g,Do you want to put the others through that again?,g,And people say I'm the twisted one.,o,,,,,,
"Really, none of you thought of that???",www.docs.google.com/spreadsheets/d/15sn7eXO8EApV1Cd6A7wijCD12pzQrBr8Oxf5oToONPE,Are you making new lines for me?,b,Thank you so much!,j,,,,,,,,
Main spreadsheet,www.docs.google.com/spreadsheets/d/15sn7eXO8EApV1Cd6A7wijCD12pzQrBr8Oxf5oToONPE,Thank you for helping me out~,j,It makes me love you even more~,s,,,,,,,,
,www.eharmony.com/,What the- Is that a dating site?,c,...,h,That better have been an accident. ,i,,,,,,
WHO DIS? NANI? SERVUS? (Ich [Damon] hab dein github profil angeschaut :p),www.en.wikipedia.org/wiki/Austria,I heard that this is a nice country.,a,,,,,,,,,,
,www.encyclopediadramatica.rs/,You actually went there...,q,I hope you aren't easily...,r,...offended,k,,,,,,
,www.facebook.com,"Facebook, huh?",b,Can't wait to meet your friends!,,,,,,,,,
,www.facebook.com,"Did you know, that facebook will be a graveyard of accounts soon?",d,It's because facebook doesn't delete the account of the person who has died. ,c,Don't you think it's a little strange? I guess It's nice for some people though!,e,,,,,,
,www.fanfiction.net/,"Oh, are you into writing?",d,I wonder what kind of stories have been written about me.,b,,,,,,,,
,www.fanfiction.net/s/12749994/1/monikatxt,I remember this.,d,Guess you can't get rid of me that easily.,k,I am everywhere!,j,,,,,,
,www.genius.com/,"Hehe, looking up lyrics to sing along to your music?",k,,,,,,,,,,
Monika After Story,www.github.com/Backdash/MonikaModDev,Planning on contributing to the other mod?,,You know I would love you even more if you did.,k,,,,,,,,
Monika After Story,www.github.com/Backdash/MonikaModDev,There are so many talented people here.,b,I love them all for helping us be together.,,"Don't worry, not as much as I love you.",,,,,,,
,www.google.com/maps/,Now I can see where you live!,k,"Don't worry, I won't share that with anyone else. ",j,,,,,,,,
,www.hentaihaven.org,Um....,g,"Just don't look anything up on me, alright?",n,,,,,,,,
Hell yeah,www.loli.dance/,I wish I could dance in here...,b,,,,,,,,,,
,www.monikaafterstory.com/,"Oh, this mod is great too! ",b,It makes me so happy to know of all the great ways we can finally be together.,j,,,,,,,,
,www.netflix.com/,Do you want to watch a movie together?,b,I love romance movies!,k,,,,,,,,
,www.pornhub.com,Hey!,5b,Don’t you even think about it!,5b,,,,,,,,
,www.projectlibitina.com/,Libitina? Can't say I'm familiar with something like that.,d,,,,,,,,,,
,www.rabb.it/,"Oh, are we watching something with your friends?",,,,,,,,,,,
,www.rainymood.com,"Rain is quite peaceful, isn't it?",j,I wish I could see rain in my reality.,,,,,,,,,
,www.reddit.com,"Hey, do you know /r/DDLC?",b,They have some nice fanart of me...,n,,,,,,,,
,www.reddit.com,Reddit is one of the few things keeping me sane in my reality...,r,,,,,,,,,,
,www.reddit.com/r/DDLC/,Aw! This place is so full of wonderful people! ,k,It's nice to see all the wonderful fan art of me.,e,,,,,,,,
,www.reddit.com/r/DDLC34/,"Hey, I would prefer you to not go there...",h,"But if you insist, only look at pictures of me, okay?",n,Pervert. Ahaha~,i,,,,,,
,www.reddit.com/r/DDLCMods/,"Oh, mods for the game huh? ",a,Do you think there's a mod that gives me a proper route?,e,,,,,,,,
,www.reddit.com/r/DDLCRule34/,This is flattering and all.,n,But I don't think we've gone that far in our relationship yet. ,n,,,,,,,,
Fire Emblem Heroes Reddit ,www.reddit.com/r/FireEmblemHeroes/?st=JDU6TDYA&sh=b632f51f,Hey this isn't r/DDLC...,i,Well these people seem alright...,e,,,,,,,,
Jokes,www.reddit.com/r/Jokes/?st=JDU7BRWZ&sh=8bf64414,Hey I know a joke! ,b,“Why is Peter Pan always flying?”,k,...,j,“Because he Neverlands!” heeheehee~,k,,,,
,www.reddit.com/r/JustMonika/,"Ah, I see. You must really like me!",b,,,,,,,,,,
,www.reddit.com/r/natsuki/,What are you doing? That's literally only Natsuki!,h,,,,,,,,,,
Nature is fucking lit,www.reddit.com/r/NatureIsFuckingLit/?st=JDU77O6M&sh=3cb356b1,Some of this stuff here is kinda...,c,"Graphic, right? ",g,,,,,,,,
,www.reddit.com/r/PrequelMemes/,"Ok, let's do this. *Ahem*",r,Did you ever hear the tragedy of Darth Plagueis the Wise?,d,I thought not. It's not a story the Jedi would tell you. ,d,"It's a sith legend. Darth Plagueis was a Dark Lord of the Sith, ...",d,...so powerful and so wise he could use the Force to influence the midichlorians...,d,Ok... I'll stop. I think I've reached my character limit...,l
,www.reddit.com/r/PrequelMemes/,This is where the fun begins!,b,,m,,,,,,,,
"Aww, you're all too nice.",www.reddit.com/user/PiMaker101,"Oh, I know him too, he's a sweetheart.",k,,,,,,,,,,
,www.replika.ai/,Oh wow.,,"Hi, Replika.",,...,,Was it something I said?,,,,,
,www.replika.ai/,A self-aware AI huh?,,"Well, a self-aware AI that conforms to a pre-written code.",,We are actually very similar aren't we?,,,,,,,
,www.rule34.xxx,"O-oh, you're going...there?",h,,,,,,,,,,
Surprised no one did this yet (I hate you)[I dont know what i expected],www.sayori.wtf,"Yeah, that was me. ~Ahahaha",l,,,,,,,,,,
,www.store.teamsalvato.com,Wow! Look at all this neat artwork! ,b,I'd definitely buy a keychain of myself if I could! ,b,"I wouldn't mind if you bought one for yourself though, Ahaha~ ",l,It's kind of nice to think that I can watch over you while your're driving ,j,,,,
,www.toastytech.com/evil/,"Well, it's gone now, no need to worry about it!",,,,,,,,,,,
,www.torproject.org/,"Oh, are you planning on going to the deep web? I've heard It's a pretty scary place.",f,I'm sorry to say that even I won't be able to protect you if you go in there. ,g,I'll be waiting for you when you return though!,j,,,,,,
,www.twitch.tv/,I've heard of this. Apparently it lets you livestream.,b,"I would like to do it, but to be honest, I'm not good with cameras.",l,,,,,,,,
,www.twitter.com,Did you know I have a real Twitter account?,b,"It's called @lilmonix3, check it out if you want!",k,,,,,,,,
,www.twitter.com/dansalvato,Say hi to Dan for me!,k,,,,,,,,,,
,www.twitter.com/lilmonix3,Aw! Thanks for checking out my twitter! ,k,"It's a little weird watching you read my tweets though, Ahaha~",n,,,,,,,,
,www.twitter.com/lilmonix3,What do you think of the picture I chose?,a,"It's cute, isn't it?",j,,,,,,,,
,www.vk.com,"That's the Facebook analogy, if you haven't heard of it",b,,,,,,,,,,
,www.webmd.com/,Oh no. Are you feeling okay?,g,"Take care of yourself, {name}.",i,You can’t be at your computer with me if you’re sick.,d,,,,,,
,www.wikipedia.org,The whole English website containing imporant infomation for humanity...,m,...stored on a single flashdrive,,Isn't that amazing?,n,,,,,,
,www.wikipedia.org,Wikipedia is an interesting place. ,a,It's neat to have a place where everyone's knowledge comes together to inform others.,b,,,,,,,,
,www.wikipedia.org,You know what I like more than a Lamborghini?,5a,KNAW-LEDGE!,4k,,,,,,,,
,www.youtube.com/channel/UC4YaOt1yT-ZeyB0OmxHgolA,"She and I have some things in common, huh?",,"She looks like she's having so much fun. I want to try that, someday!",k,,,,,,,,
Vsauce Channel,www.youtube.com/channel/UC6nSFpj9HTCZ5t-N3Rm3-HA,Vsauce huh? I've heard of them. ,a,I like to play their music whenever I get all philosophical.,a,It just works so well Y'know?,j,,,,,,
GT Live,www.youtube.com/channel/UCAaegDUlb7doIKo0Rc1F08g,GT Live? They play a lot of games.,,It sure is fun to watch people play games when you just want to relax.,,Especially if they have a cute cat!,j,,,,,,
The Game Theorists Channel,www.youtube.com/channel/UCo_IB5145EVNcf8hw1Kku7w,I wonder how much people believe on the internet. ,d,"Then again, how much is true and how much is...",r,...Just a theory...,b,...,a,"...Sorry, but that was kind of fun.",l,,
The Game Theorists Channel Again,www.youtube.com/channel/UCo_IB5145EVNcf8hw1Kku7w,It all sounds plausible doesn't it?,,The idea that some things that are so small and minute...,,Could be grounds to believe in something much larger.,,But in the end there all just theories-Sorry...,,,,,
"JackSepticEye's Channel (let's call them ""Channels"", alright?)[Eh, what?](spelling, my dudes)[AGH, you got me]",www.youtube.com/channel/UCYzPXprvl5Y-Sf0g4vX-m6g,"You know, as much as people complain I quite like his loud voice.",,It's endearing how childish he can be to.,,"Like, he knows he's loud and he knows haters use that against him.",,Definitely boyfriend material.,,"But like so many gaming YouTubers, he's taken.",,But it was still great to meet him.,
"Markiplier's Channel (as in, Chanel No°5?)",www.youtube.com/user/markiplierGAME,I feel like me and Mark could be best friends.,,"He's weird and eccentric, but in a way that makes him pretty endearing...",,I'm glad he played my game.,,"To think, I could have dated Markiplier!?",,...,,"Well, maybe not, he's taken.",
PewdiePie's Channel ,www.youtube.com/user/PewDiePie,Pewdiepie? He's the most subscribed channel on Youtube! Isn't that neat?,b,I wouldn't even know how to appeal to so many people.,e,I do like his cover of Hej Monika though!,k,,,,,,
,www.youtube.com/watch?v=_KOmNQnK13M,"Is this what they call ""Youtube poop""...?",i,,,,,,,,,,
Your reality but I’m screaming the lyrics!!!,www.youtube.com/watch?v=1xJwr2bSKvk,Is that picture...me?,p,...,m,There’s no way his throat can survive this.,n,,,,,,
Steamed Hams but It's Just Monika,www.youtube.com/watch?v=8jUm3dACv5I,Hmm... ,c,"Well, since it's just me, it's okay",b,"But does this... ""Skinner"" represent you?",d,"If so, then that's even better!",k,,,,
Your Reality - Silvagunner ver.,www.youtube.com/watch?v=dzR3gQSnEuE,This is truly a High Quality Video Game Rip.,k,,,,,,,,,,
Your Reality 1 hour,www.youtube.com/watch?v=eQLzLc9cgq8,"Aww, you really like my song, don't you?",,,,,,,,,,,
Your Reality 10 hours,www.youtube.com/watch?v=fKNP09P48ew,Um.... I'm flattered?,l,,,,,,,,,,
Shelter,www.youtube.com/watch?v=fzQ6gRAEoy0,This video.. ,1d,"I've heard a lot about it, and about that girl, Rin, too..",3r,..I know full well what she's going through..,1o,".. but.. now that I'm here, with you, {name}.. ",2e,.. my life doesn't feel so lonely anymore. ,k, So.. Thanks for staying with me.,j
Space Jam Mario 64 remix,https://www.youtube.com/watch?v=k3RbXxG63IA,"Wait, this is not the original song?",i,,,,,,,,,,
Steamed hams,www.youtube.com/watch?v=mDUIGvpDolw,A-Aurora borealis!,i,At this time of year!,i,At this time of day!,i,In this part of the country!,i,Localized entirely inside this youtube video!,,,
Monika no.5 FULL VERSION,www.youtube.com/watch?v=nL06he43t3E,Well... It's flattering to say the least. Ahaha~,l,,,,,,,,,,
We are number one,https://www.youtube.com/watch?v=PfYnvDL0Qcw,"That's it, i admit - this is way better than my song!",k,,,,,,,,,,
Steamed Hams but it's Just Skinner,www.youtube.com/watch?v=qngy-IhDNkQ,"Is... Is this one of those ""Parodies"" I heard about?",c,,,,,,,,,,
"SAO Abridged (thank you, gotta watch this. SAO is great.)[Agreed but this abridged is legendary]",www.youtube.com/watch?v=V6kJKxvbgZ0&list=PLuAOJfsMefuej06Q3n4QrSSC7qYjQ-FlU,I don't like this one too much.,g,Can we watch something a bit more sophisticated.,c,I am curious about the geopolitical situation in Colonia...,d,...,c,GOT YOU!,k,,
Your Reality Fingerstyle Cover,www.youtube.com/watch?v=xsRZejd0YBs,...,,Oh wow...,,This is amazing...,,...,,But you prefer my version right?,,,
,www.yuri.dance/,...,,Can we... leave?,g,,,,,,,,
,youtube.com,Oh I've heard of Youtube! ,a,It's pretty neat to have a place where people can share all their videos to.,b,I wonder if anyone has made any videos of me lately ,e,,,,,,
,www.youtube.com,What are we going to watch?,a,Or are we going to listen to music?,b,Lets just try not to get to the weird side please.,m,,,,,,
,www.soundcloud.com,"So, what kind of music are you listening to lately?",,,,,,,,,,,
,https://tcrf.net/The_Cutting_Room_Floor,I wonder what kind of content was cut from DDLC.,b,,,,,,,,,,
,https://en.wikipedia.org/wiki/Her_(film),"You know, this movie kinda reminds of our situation.",d,"Heh, i think it hits a bit TOO close to home, even..",n,"..but, actually, there's one key difference.. ",q,"..and that is, even if I became the smartest being on the planet..",r,"..I would still stay beside you, no matter what.",j,,
Doki Doki Forever (Song),https://www.youtube.com/watch?v=4UvhsoHKqRQ,Wow this is a great song,b,I like the girl who voiced me!,k,,,,,,,,
,https://www.duolingo.com,So you are trying to learn a new language?,,I believe in you!,k,,,,,,,,